"weight";"word";"color";"url"
"17";"lorem";"";"https://www.lorem.com"
"16";"ipsum";"";"https://www.ipsum.com"
"13";"amet";"";""
"13";"sit";"";""
"13";"vitae";"";""
"12";"eget";"";""
"11";"quis";"";""
"11";"sem";"";""
"10";"massa";"";""
"10";"nec";"";""
"10";"sed";"";""
"9";"semper";"";""
"8";"egestas";"";""
"8";"libero";"";""
"8";"nisl";"";""
"8";"odio";"";""
"8";"scelerisque";"";""
"7";"congue";"";""
"7";"dolor";"";"https://www.dolor.com"
"7";"elit";"";""
"7";"erat";"";"https://www.erat.com"
"7";"finibus";"";""
"7";"malesuada";"";""
"7";"neque";"";""
"7";"possit";"";""
"7";"quam";"";""
"7";"tempor";"";""
"7";"tincidunt";"";""
"7";"tortor";"";""
"7";"vel";"";""
"7";"venenatis";"";""
"7";"vulputate";"";""
"6";"acutor";"";""
"6";"ante";"";""
"6";"arcu";"";""
"6";"dapibus";"";""
"6";"dui";"";""
"6";"duis";"";""
"6";"eros";"";""
"6";"est";"";""
"6";"magna";"";""
"6";"mollis";"";""
"6";"pharetra";"";""
"6";"pulvinar";"";""
"6";"tellus";"";""
"6";"tempus";"";""
"6";"ultricies";"";""
"6";"urna";"";""
"6";"viverra";"";""
"5";"bibendum";"";""
"5";"condimentum";"";""
"5";"consectetur";"";""
"5";"efficitur";"";""
"5";"enim";"";""
"5";"fermentum";"";""
"5";"fringilla";"";""
"5";"lacus";"";""
"5";"leo";"";""
"5";"ligula";"";""
"5";"mauris";"";""
"5";"Morbi";"";""
"5";"nibh";"";""
"5";"non";"";""
"5";"porttitor";"";""
"5";"pretium";"";""
"5";"purus";"";""
"5";"Sed";"";""
"5";"suscipit";"";""
"5";"velit";"";""
"5";"vestibulum";"";""
"4";"blandit";"";""
"4";"commodo";"";""
"4";"consequat";"";""
"4";"cursus";"";""
"4";"elementum";"";""
"4";"facilisis";"";""
"4";"gravida";"";""
"4";"imperdiet";"";""
"4";"interdum";"";""
"4";"justo";"";""
"4";"lacinia";"";""
"4";"laoreet";"";""
"4";"lectus";"";""
"4";"luctus";"";""
"4";"metus";"";""
"4";"nulla";"";""
"4";"orci";"";""
"4";"posuere";"";""
"4";"rhoncus";"";""
"4";"risus";"";""
"4";"sodales";"";""
"4";"turpis";"";""
"4";"ullamcorper";"";""
"4";"ultrices";"";""
"3";"aliquam";"";""
"3";"aliquet";"";""
"3";"augue";"";""
"3";"convallis";"";""
"3";"diam";"";""
"3";"dictum";"";""
"3";"dis";"";""
"3";"euismod";"";""
"3";"faucibus";"";""
"3";"feugiat";"";""
"3";"hendredit";"";""
"3";"iaculis";"";""
"3";"magnis";"";""
"3";"mattis";"";""
"3";"montes";"";""
"3";"mus";"";""
"3";"nascetur";"";""
"3";"natoque";"";""
"3";"nunc";"";""
"3";"ornare";"";""
"3";"parturient";"";""
"3";"penatibus";"";""
"3";"placerat";"";""
"3";"porta";"";""
"3";"ridiculus";"";""
"3";"sagittis";"";""
"3";"sapien";"";""
"3";"sociis";"";""
"3";"sollicitudin";"";""
"3";"varius";"";""
"3";"volutpat";"";""
"2";"accumsan";"";""
"2";"adipiscing";"";""
"2";"eleifend";"";""
"2";"felis";"";""
"2";"lobortis";"";""
"2";"molestie";"";""
"2";"nisi";"";""
"2";"rutrum";"";""
"2";"tristique";"";""
"2";"vehicula";"";""
"1";"facilisi";"";""
"1";"maximus";"";""
"1";"pellentesque";"";""
